node_id,dx,gridpoints,time_ensemble,time_all,threads
9,1.47,1225,5.48371,11.6939,8
9,1.04,2401,4.57918,20.389,8
9,0.738,4624,4.56405,33.3136,8
9,0.522,9216,4.58722,58.4345,8
9,0.369,18496,4.43705,104.091,8
