node_id,dx,gridpoints,time_ensemble,time_all,threads
8,1.47,1225,5.5222,11.9079,8
8,1.04,2401,4.4719,20.6062,8
8,0.738,4624,4.4807,33.6288,8
8,0.522,9216,4.51527,58.5586,8
8,0.369,18496,4.53497,104.115,8
