node_id,dx,gridpoints,time_ensemble,time_all,threads
5,1.47,1225,5.40788,11.584,8
5,1.04,2401,4.55316,20.6009,8
5,0.738,4624,4.53205,33.2849,8
5,0.522,9216,4.65839,58.1621,8
5,0.369,18496,4.4445,104.125,8
