gridpoints,polygons,vertices,num_species,time,threads
40401,2,70,1,0.0373499,8
40401,4,168,1,0.330369,8
40401,8,318,1,0.695349,8
40401,16,602,1,1.16178,8
40401,32,1306,1,2.08149,8
40401,64,2490,1,3.50838,8
40401,128,5097,1,6.20874,8
40401,256,10186,1,12.3486,8
40401,512,20696,1,26.3035,8
40401,1024,43320,1,69.1844,8
40401,2048,86484,1,174.975,8
