node_id,dx,gridpoints,time_ensemble,time_all,threads
7,1.47,1225,5.53631,11.8359,8
7,1.04,2401,4.60255,20.5761,8
7,0.738,4624,4.59491,33.3916,8
7,0.522,9216,4.59753,58.6082,8
7,0.369,18496,4.49922,104.078,8
