node_id,dx,gridpoints,time_ensemble,time_all,threads
6,1.47,1225,5.45295,11.3814,8
6,1.04,2401,4.56191,20.4124,8
6,0.738,4624,4.49763,33.5636,8
6,0.522,9216,4.43687,58.0029,8
6,0.369,18496,4.4606,104.515,8
