node_id,dx,gridpoints,time_ensemble,time_all,threads
4,1.47,1225,5.56919,11.7829,8
4,1.04,2401,4.60102,20.6418,8
4,0.738,4624,4.49596,33.4581,8
4,0.522,9216,4.51341,58.6397,8
4,0.369,18496,4.47844,104.315,8
