node_id,dx,gridpoints,time_ensemble,time_all,threads
3,1.47,1225,5.47258,11.7073,8
3,1.04,2401,4.48436,20.5763,8
3,0.738,4624,4.55831,33.3505,8
3,0.522,9216,4.5485,58.3191,8
3,0.369,18496,4.59468,103.961,8
