node_id,dx,gridpoints,time_ensemble,time_all,threads
2,1.47,1225,5.50589,11.6972,8
2,1.04,2401,4.6397,20.6758,8
2,0.738,4624,4.75783,33.6954,8
