node_id,dx,gridpoints,time_ensemble,time_all,threads
1,1.47,1225,5.43293,11.6171,8
1,1.04,2401,4.65442,20.5567,8
1,0.738,4624,4.48182,33.8063,8
1,0.522,9216,4.63203,59.1826,8
1,0.369,18496,4.58485,107.396,8
